Algorithm A,Algorithm B
37.69540936,76.87591445
21.97812865,20.04910787
9.243335063,54.25175364
27.75155432,76.12401336
43.20931239,30.69055383
4.999277135,53.50822615
68.70695541,30.11258807
77.21574802,30.05025661
7.644968038,99.9536641
41.83311162,90.83799383
